TranslatedRecipeName,Course
Palak Paneer Bhurji Recipe - Palak Paneer Bhurji Recipe,Main Course
Pomegranate Frozen Margarita Recipe,Main Course
Cucumber Honey Limeade Recipe,Main Course
Thalipeeth Bhajani Recipe -Typical Maharashtrian Multigrain Flour Mix,Breakfast
Tomato Basil Pasta And Pizza Sauce Recipe,Side Dish
Pepper Tea Recipe - Kali Mirch Chai,Main Course
Palak Paneer Bhurji Recipe -Spiced Cottage Cheese Scramble With Spinach Recipe,Main Course
Strawberry Compote Recipe (Coulis),Side Dish
"Ginger, Lemon And Honey Kadha Recipe",Main Course
Roasted Tomato Basil Pasta & Pizza Sauce Recipe,Side Dish
Bellada Coffee Recipe With Milk (Karnataka Style Filter Coffee With Jaggery),Main Course
Irish Cream Bundt Cake Recipe,Dessert
Strawberry Mojito Recipe,Main Course
Carrot Ginger Juice Recipe,Main Course
Cucumber Ginger Lemonade Recipe,Main Course
Chamomile Tea Recipe,Main Course
Sweet Potato & Rosemary Crisps/ Chips,Snacks
Chaat Masala Recipe,Side Dish
Coffee Recipe With Instant Coffee Powder,Main Course
Punjabi Garam Masala Powder Recipe,Side Dish
Homemade Hoisin Sauce Recipe,Side Dish
Dhansak Masala Powder Recipe - Homemade Dhansak Masala Powder Recipe,Side Dish
Golden Turmeric Almond Saffron Milk Shot Recipe,Main Course
Apple And Ginger Cocktail Recipe,Main Course
Blueberry and Lemon Iced Tea Recipe,Main Course
Ras El Hanout Recipe (Moroccan Spice Powder),Side Dish
Spinach and Basil Pasta Sauce Recipe,Side Dish
Green Tea Recipe,Main Course
Homemade Coconut Milk Recipe,Main Course
Chettinad Masala Powder Recipe,Side Dish
Ginger-Holi Basil Teasene - Ginger Basil Tea Recipe,Main Course
Goan Stuffed Masala Recipe,Main Course
Creamy Pumpkin Pasta Sauce Recipe,Side Dish
Chettinad Masala Powder Recipe - Chettinad Masala Powder Recipe,Side Dish
Lavender Lemonade Cooler Recipe,Main Course
Vegetarian Thukpa Recipe,Main Course
Korean Style Gochujang Recipe (Hot Pepper Paste Recipe),Side Dish
Homemade Alfredo Pasta Sauce Recipe-Creamy White Sauce For Pasta,Side Dish
Spirulina and Mint Basil Pesto Recipe,Side Dish
Homemade Spring Roll Wrapper Recipe,Appetizer
Pumpkin Hummus Recipe,Appetizer
Homemade Dhansak Masala Powder Recipe,Side Dish
High Protein Spinach & Soy Bites Recipe,Snacks
Andaman Style Steamed Garlic Prawns Recipe,Main Course
Moroccan Baked Fish Recipe,Main Course
