badi hari mirch,large green chilli
large carrot,gajjar
dried yellow,white peas,vatana
spring onion,bulb & greens
cardamom,elaichi pods,seeds
bhindi,lady finger,okra - de
potato,aloo - chopped bite
hung curd,greek yogurt - fat
-,spinach leaves,palak
raw peanuts,moongphali
methi seeds,fenugreek seeds
sarsaparilla,mahali root
amchur,dry mango powder -,dried powdered raw green mangoes
chana dal,bengal gram dal
red poha,flattened red rice
fresh green toor dal,pigeon pea
cauliflower,gobi
singoda flour,water chestnut
pearl onions,sambar onions
phool makhana,lotus seeds
cherry preserve,jam
. curd,dahi,yogurt
custard apple,sitaphal
small brinjal,baingan,eggplant
mint leaves,pudina
ice apple,nongu
ridge gourd,turai,peerkangai
cloves cloves,laung
aloo tikki,potato
badi,wadi
red bell pepper,capsicum
ratan jot,alkanet
inch ratan jot,alkanet
methi leaves,fenugreek leaves
maize dalia,broken corn meal
grind,whole pepper
aar maach,fish
cloves ajwain,carom seeds
inch cardamom,elaichi pods,seeds
cluster fig,gular
coriander,dhania leaves - roughly chopped
singhade,water chestnut
cumin powder,jeera
gram purpose flour,maida
cumin seeds,jeera
gongura leaves,red roselle
turmeric powder,haldi
sprig tulsi,holy basil
sprigs mint leaves,pudina
kala chana,brown chickpeas
cinnamon powder,dalchini
tulsi,holy basil
cabbage,patta gobi,muttaikose
knol khol,ganth gobi,kadam
capsicum,green
green chawli beans,yard long beans,karamani,barbati
sesame seeds,til seeds
green beans,french beans - chopped
red bell pepper,capsicum - de
capsicum,yellow
spinach leaves,palak
. coriander powder,dhania
purpose flour,maida -
moth sprouts,matki
sesame,white - ghee
sweet chutney,date & tamarind
. red black eyed beans,azuki
cinnamon stick,dalchini
flour,all purpose flour
cloves,laung
ghost chilli peppers,bhut jolokia
thin semiya,seviyan
pink flesh dragon fruit,pitaya
capsicum,red
mustard flowers,edible
orange zest,rind
almond essence,badam essence
seeraga,jeeraga samba rice
basella,malabar spinach
clove powder,laung
sorrel leaves,gongura
tapioca flour,sago
bottle gourd,lauki
colocasia leaves,arbi
idli dosa podi,milagai powder
. purpose flour,maida
nendra pazham banana,ripe
green bell pepper,capsicum - diced bite
carrots,gajjar
capsicum,pili
bajra flour,pearl millet
ajwain,carom seeds
sama flour,millet
barley,seeds
cardamom,elaichi pods,seeds - de
khurchan,leftover homemade ghee
. methi leaves,fenugreek leaves
goond,edible gum
mooli ke patte,radish greens
coriander powder,dhania
semiya,vermicelli -,colourful
classic mayonnaise,with egg
purpose flour,all purpose flour
aam papad,sun dried mango
fennel seeds,saunf
sweet spicy red chilli sauce,tomato chilli sauce
indian borage,doddapatre
ridge gourd skin,turai,peerkangai
bay leaf,tej patta
small green brinjal,green aubergine
roasted peanuts,moongphali
cardamom powder,elaichi
cloves cardamom,elaichi pods,seeds
poha,flattened rice
kaddu,parangikai,pumpkin
betel leaves,paan
kalpasi flower,stone flower
bhindi,lady finger,okra - cut
broken wheat,dalia,godumai rava
bay leaves -,tomato
hog plum,amtekai
jowar flour,sorghum
dragon fruit,pitaya
colocasia leaves,arbi - de
edible camphor,pacha karpooram
hung curd,greek yogurt
sprigs coriander,dhania leaves
methi seeds,methi kuria
nagkesar,cassia buds
jackfruit ripe,kathal
stalks spring onion,bulb & greens
jackfruit seeds,kathal
paneer,homemade cottage cheese - cut
pointed gourd,parval
amaranth seeds,rajgira
dry coconut,kopra
red yellow green bell peppers,capsicum
butter,unsalted - cut
kabuli chana,white chickpeas
lahsun ki chutney,red garlic chutney
horse gram dal,kollu,kulith
stalk spring onion,bulb & greens
mor milagai,dried green chillies
+,milk
kasuri methi,dried fenugreek leaves
chipotle chillies,peppers
green peas,matar
carrot,gajar
slivered almonds,badam
okra,okra
inch asafoetida,hing
banana flower,vazhaipoo
wheat berries,whole wheat
sesame seeds,white
coriander,dhania leaves
dry dates powder,kharik pud
drumstick leaves,moringa,murungai keerai
gram kaddu,parangikai,pumpkin
gram bottle gourd,lauki
anardana powder,pomegranate seed powder
= carrot,gajjar
gram khoya,mawa
betel nut,supari
sundakkai,turkey berries
wood apple,bael fruit
fried bread cubes,croutons
yellow bell pepper,capsicum
cumin,jeera seeds
sprig methi leaves,fenugreek leaves
mango ginger,manga inji
kababchini,tailed pepper
methi seeds,fenugreek seeds -,kuria
pizza base -,homemade,store
jackfruit raw,kathal
khoya,mawa
salt -,jaggery
green chutney,coriander & mint
crush,whole pepper
coriander,dhania powder
mustard seeds -,kuria
roasted gram dal,pottukadalai
buckwheat flour,kuttu ka atta
curd,dahi,yogurt
almond oil,badam oil
dry green mango,vathal,ambula
bay leaves,tej patta
instant oats,oatmeal
potatoes,aloo - diced bite
brinjal,baingan,eggplant - de
thonnai,dried leaves
tindora,dondakaya,kovakkai
potato,aloo
avarekalu,lilva beans
badam,almond
sprig mint leaves,pudina
arhar dal,toor dal
green beans,french beans - cut bite
edible silver foil,leaf,chandi ka vark
rice vermicelli noodles,thin
wheat flakes,cereal
green zucchini - cut,-inch
bajra,seeds
gram coriander,dhania leaves
amla,nellikai,gooseberry
green bell pepper,capsicum
brown cardamom,badi elaichi
almond meal,badam powder
gram chenna,homemade cottage cheese
sesame,white
roasted gram flour,sattu ka atta
soy chunks,nuggets
inch cinnamon stick,dalchini
dried anardana seeds,pomegranate seeds dried
mango,ripe
mango pulp,puree
elephant yam,suran,senai,ratalu
gond,natural gum
peepramul powder,ganthoda
mustard seeds -,or kuriya
hazelnut meal,powder
tinda,apple gourd
barnyard millet,bhagar flour
+ large sesame,white
stalks spinach leaves,palak
asafoetida,hing
potatoes,aloo
rum -,coconut rum
amchur,dry mango powder
sesame,gingelly oil
paneer,homemade cottage cheese
colocasia root,arbi
moth dal,matki
karela,bitter gourd,pavakkai
gawar phali,kothavarangai,cluster beans
aerated water,soda water
orange bell pepper,capsicum
almond milk,badam milk
ssp asafoetida,hing
khichdi,pongal
mango,raw - peeled & chopped bite
much,rye
chikki,peanut brittle
gond,edible gum
decorative sugar,cake,candy sprinkles
avarekai,broad beans
black cardamom,badi elaichi
long string bean,chavli
black salt,kala namak
tender mango,appe midi
gram paneer,homemade cottage cheese
green beans,french beans
crush,gram flour
bhindi,lady finger,okra
methi powder,fenugreek powder
kokum,malabar tamarind
stalk coriander,dhania leaves
red black eyed beans,azuki
black eyed beans,lobia
brown sugar,demerara sugar
mozzarella cheese - shredded,part
. arhar dal,toor dal
chikoo,sapota fruit
carrot,gajjar - sliced
brinjal,baingan,eggplant
bimbla,bilimbi
cardamom,elaichi pods,seeds - powdered mortar
carrots,gajjar - diced bite
coriander,dhania seeds
snake gourd,pudulangai
rabodi,dried corn papad
colostrum,early milk
submarine bread,subway bread
jamun,black plum
heavy whipping cream -,or non
clove cloves,laung
chenna,homemade cottage cheese
sprig spinach leaves,palak
custard apple,sitaphal - de
cut sprigs mint -,onion
kachri,wild cucumber
inch cinnamon powder,dalchini
vellai poosanikai,ash gourd,white pumpkin
kunafa dough,strands
dried green peas,vatana
cumene seeds,jeera
mace,javitri
margarine,reduced calorie
gram curd,dahi,yogurt
thai red chilli,birds eye chilli
rajma,large kidney beans
fistful green peas,matar
gram green beans,french beans
maida,all purpose flour
dagad phool,pathar phool,black stone flower
+ sesame seeds,til seeds
lukewarm water -,divided
stalks knol khol leaves,ganth gobi leaves
red yellow green bell pepper,capsicum
chow chow,chayote squash
carrot,gajjar
sprig spring onion,bulb & greens
sooji,semolina,rava
sabudana,tapioca pearls
purpose flour,maida
kalonji,onion nigella seeds
tamarind paste -,or soaked tamarind pulp
gunde,bird lime
kaddu,parangikai,pumpkin - red one
mint powder,pudina
sprig drumstick leaves,moringa,murungai keerai
green beans,french beans - cut one
semiya,vermicelli
gram flour,besan
red yellow green bell peppers,capsicum - cut
makki ka atta,yellow corn meal flour
mooli,mullangi,radish
potatoes,aloo - hard
gram arhar dal,toor dal
mustard seeds,rai kuria
button mushrooms - diced,canned store
sprig coriander,dhania leaves
inch mace,javitri
bhindi,okra,vendaikkai
gilka,sponge,silk squash
rice noodles,flat
ragi flour,finger millet,nagli
rajgira flour,amaranth flour
ghee -,asafoetida
flax seed powder,flax meal
soybeans,whole soya dal
