karela,bitter gourd,pavakkai
gram flour,besan
turmeric powder,haldi
cumin seeds,jeera
coriander powder,dhania
amchur,dry mango powder
rice vermicelli noodles,thin
carrots,gajjar
green peas,matar
asafoetida,hing
sesame,gingelly oil
methi seeds,fenugreek seeds
coriander,dhania seeds
fennel seeds,saunf
sorrel leaves,gongura
mint leaves,pudina
coriander,dhania leaves
vellai poosanikai,ash gourd,white pumpkin
sesame seeds,til seeds
spinach leaves,palak
sprig coriander,dhania leaves
hung curd,greek yogurt
green bell pepper,capsicum
cumin powder,jeera
potatoes,aloo
arhar dal,toor dal
aar maach,fish
bay leaves,tej patta
cinnamon stick,dalchini
bay leaf,tej patta
cloves,laung
purpose flour,maida
submarine bread,subway bread
stalks spring onion,bulb & greens
mango pulp,puree
curd,dahi,yogurt
badam,almond
cardamom,elaichi pods,seeds
inch cinnamon stick,dalchini
cloves cloves,laung
mace,javitri
black cardamom,badi elaichi
kasuri methi,dried fenugreek leaves
red bell pepper,capsicum
ajwain,carom seeds
chana dal,bengal gram dal
sweet chutney,date & tamarind
green chutney,coriander & mint
green beans,french beans
roasted peanuts,moongphali
cabbage,patta gobi,muttaikose
cinnamon powder,dalchini
cardamom powder,elaichi
tindora,dondakaya,kovakkai
methi seeds,methi kuria
mustard seeds,rai kuria
kalonji,onion nigella seeds
jackfruit seeds,kathal
kala chana,brown chickpeas
makki ka atta,yellow corn meal flour
methi leaves,fenugreek leaves
mango,ripe
ridge gourd skin,turai,peerkangai
broken wheat,dalia,godumai rava
paneer,homemade cottage cheese
potato,aloo
mooli,mullangi,radish
kaddu,parangikai,pumpkin
sweet spicy red chilli sauce,tomato chilli sauce
spring onion,bulb & greens
classic mayonnaise,with egg
capsicum,green
raw peanuts,moongphali
hog plum,amtekai
cauliflower,gobi
anardana powder,pomegranate seed powder
yellow bell pepper,capsicum
poha,flattened rice
carrot,gajjar
capsicum,red
capsicum,yellow
sooji,semolina,rava
goond,edible gum
dry coconut,kopra
tulsi,holy basil
roasted gram dal,pottukadalai
pearl onions,sambar onions
kabuli chana,white chickpeas
brown cardamom,badi elaichi
black salt,kala namak
gram curd,dahi,yogurt
soy chunks,nuggets
brinjal,baingan,eggplant
orange zest,rind
elephant yam,suran,senai,ratalu
bottle gourd,lauki
ragi flour,finger millet,nagli
methi powder,fenugreek powder
almond meal,badam powder
flax seed powder,flax meal
sprig mint leaves,pudina
sprig spring onion,bulb & greens
pointed gourd,parval
instant oats,oatmeal
wheat flakes,cereal
small brinjal,baingan,eggplant
gawar phali,kothavarangai,cluster beans
okra,okra
wood apple,bael fruit
khoya,mawa
snake gourd,pudulangai
moth sprouts,matki
banana flower,vazhaipoo
bhindi,lady finger,okra
amla,nellikai,gooseberry
colocasia root,arbi
gunde,bird lime
jackfruit raw,kathal
rajma,large kidney beans
cut sprigs mint -,onion
bajra flour,pearl millet
brown sugar,demerara sugar
basella,malabar spinach
aam papad,sun dried mango
edible silver foil,leaf,chandi ka vark
bajra,seeds
sprigs coriander,dhania leaves
fried bread cubes,croutons
chipotle chillies,peppers
slivered almonds,badam
red yellow green bell peppers,capsicum
paneer,homemade cottage cheese - cut
barley,seeds
green beans,french beans - cut one
hazelnut meal,powder
jowar flour,sorghum
black eyed beans,lobia
red yellow green bell pepper,capsicum
ssp asafoetida,hing
drumstick leaves,moringa,murungai keerai
sabudana,tapioca pearls
mozzarella cheese - shredded,part
kokum,malabar tamarind
purpose flour,all purpose flour
hung curd,greek yogurt - fat
sprig tulsi,holy basil
betel leaves,paan
almond essence,badam essence
gilka,sponge,silk squash
nendra pazham banana,ripe
sesame,white
lahsun ki chutney,red garlic chutney
gram chenna,homemade cottage cheese
green chawli beans,yard long beans,karamani,barbati
sprigs mint leaves,pudina
indian borage,doddapatre
mint powder,pudina
soybeans,whole soya dal
singhade,water chestnut
phool makhana,lotus seeds
clove cloves,laung
rajgira flour,amaranth flour
cumin,jeera seeds
coriander,dhania powder
roasted gram flour,sattu ka atta
margarine,reduced calorie
moth dal,matki
dagad phool,pathar phool,black stone flower
nagkesar,cassia buds
badi hari mirch,large green chilli
chenna,homemade cottage cheese
dried yellow,white peas,vatana
seeraga,jeeraga samba rice
semiya,vermicelli
ridge gourd,turai,peerkangai
aerated water,soda water
knol khol,ganth gobi,kadam
buckwheat flour,kuttu ka atta
avarekalu,lilva beans
jackfruit ripe,kathal
stalks knol khol leaves,ganth gobi leaves
orange bell pepper,capsicum
decorative sugar,cake,candy sprinkles
badi,wadi
amaranth seeds,rajgira
almond milk,badam milk
horse gram dal,kollu,kulith
thai red chilli,birds eye chilli
idli dosa podi,milagai powder
gram bottle gourd,lauki
gram khoya,mawa
cherry preserve,jam
avarekai,broad beans
mooli ke patte,radish greens
fresh green toor dal,pigeon pea
red bell pepper,capsicum - de
gond,natural gum
peepramul powder,ganthoda
khichdi,pongal
ratan jot,alkanet
chow chow,chayote squash
edible camphor,pacha karpooram
kunafa dough,strands
small green brinjal,green aubergine
colocasia leaves,arbi
tinda,apple gourd
heavy whipping cream -,or non
red poha,flattened red rice
aloo tikki,potato
stalk coriander,dhania leaves
clove powder,laung
brinjal,baingan,eggplant - de
cloves cardamom,elaichi pods,seeds
ghost chilli peppers,bhut jolokia
gram paneer,homemade cottage cheese
thin semiya,seviyan
gram arhar dal,toor dal
red yellow green bell peppers,capsicum - cut
maize dalia,broken corn meal
singoda flour,water chestnut
kababchini,tailed pepper
pizza base -,homemade,store
jamun,black plum
mango ginger,manga inji
butter,unsalted - cut
inch cinnamon powder,dalchini
sprig methi leaves,fenugreek leaves
almond oil,badam oil
mustard seeds -,or kuriya
flour,all purpose flour
cloves ajwain,carom seeds
sesame seeds,white
tamarind paste -,or soaked tamarind pulp
gram kaddu,parangikai,pumpkin
mor milagai,dried green chillies
custard apple,sitaphal - de
. coriander powder,dhania
gram green beans,french beans
green beans,french beans - chopped
semiya,vermicelli -,colourful
grind,whole pepper
dried anardana seeds,pomegranate seeds dried
salt -,jaggery
thonnai,dried leaves
rice noodles,flat
pink flesh dragon fruit,pitaya
stalks spinach leaves,palak
custard apple,sitaphal
gram coriander,dhania leaves
dry green mango,vathal,ambula
. purpose flour,maida
mango,raw - peeled & chopped bite
khurchan,leftover homemade ghee
carrot,gajar
inch cardamom,elaichi pods,seeds
red black eyed beans,azuki
bay leaves -,tomato
gram purpose flour,maida
tender mango,appe midi
tapioca flour,sago
sundakkai,turkey berries
. curd,dahi,yogurt
dry dates powder,kharik pud
wheat berries,whole wheat
cumene seeds,jeera
bimbla,bilimbi
chikoo,sapota fruit
mustard flowers,edible
dried green peas,vatana
potatoes,aloo - hard
inch ratan jot,alkanet
carrots,gajjar - diced bite
green beans,french beans - cut bite
green bell pepper,capsicum - diced bite
potatoes,aloo - diced bite
. methi leaves,fenugreek leaves
large carrot,gajjar
. arhar dal,toor dal
dragon fruit,pitaya
chikki,peanut brittle
button mushrooms - diced,canned store
sama flour,millet
sesame,white - ghee
+,milk
bhindi,lady finger,okra - de
gond,edible gum
+ sesame seeds,til seeds
amchur,dry mango powder -,dried powdered raw green mangoes
kachri,wild cucumber
stalk spring onion,bulb & greens
sprig spinach leaves,palak
lukewarm water -,divided
barnyard millet,bhagar flour
purpose flour,maida -
bhindi,okra,vendaikkai
carrot,gajjar - sliced
ice apple,nongu
long string bean,chavli
cardamom,elaichi pods,seeds - de
inch mace,javitri
potato,aloo - chopped bite
betel nut,supari
capsicum,pili
crush,gram flour
ghee -,asafoetida
coriander,dhania leaves - roughly chopped
rum -,coconut rum
colostrum,early milk
crush,whole pepper
maida,all purpose flour
-,spinach leaves,palak
green zucchini - cut,-inch
fistful green peas,matar
kaddu,parangikai,pumpkin - red one
much,rye
rabodi,dried corn papad
gongura leaves,red roselle
cardamom,elaichi pods,seeds - powdered mortar
bhindi,lady finger,okra - cut
inch asafoetida,hing
sprig drumstick leaves,moringa,murungai keerai
+ large sesame,white
cluster fig,gular
mustard seeds -,kuria
methi seeds,fenugreek seeds -,kuria
kalpasi flower,stone flower
colocasia leaves,arbi - de
= carrot,gajjar
. red black eyed beans,azuki
sarsaparilla,mahali root
